{
  "guilds": {
    "1382194345427341343": [
      {
        "user_id": 1138950212744908810,
        "user_name": "Umbra_404",
        "timestamp": "2025-07-08T13:57:38.372748",
        "ratings": {
          "service": 5,
          "product": 5,
          "delivery": 5
        },
        "comment": null,
        "id": 1
      },
      {
        "user_id": 1138950212744908810,
        "user_name": "Umbra_404",
        "timestamp": "2025-07-08T14:00:07.875880",
        "ratings": {
          "service": 1,
          "product": 1,
          "delivery": 1
        },
        "comment": "Teste",
        "id": 2
      },
      {
        "user_id": 1138950212744908810,
        "user_name": "Umbra_404",
        "timestamp": "2025-07-08T14:49:39.129583",
        "ratings": {
          "service": 5,
          "product": 3,
          "delivery": 5
        },
        "comment": "Bom amei lixo inútil pior loja;-",
        "id": 3
      }
    ]
  }
}